_id,count,type
2 Chainz,1,Docuseries
4Minute,1,Music & Musicals
50 Cent,2,Action & Adventure
A Boogie Wit tha Hoodie,1,Docuseries
A-ra Go,1,Crime TV Shows
A. Murat Ã–zgen,1,International Movies
A.C. Peterson,1,Dramas
A.D. Miles,2,TV Comedies
A.J. Cook,1,Thrillers
A.J. LoCascio,2,"Kids' TV"
A.K. Hangal,3,International Movies
A.R. Rahman,1,Documentaries
A.S. Sasi Kumar,1,International Movies
AFRA,1,TV Horror
AJ Bowen,1,LGBTQ Movies
AJ Michalka,1,TV Sci-Fi & Fantasy
AJ Rivera,1,TV Mysteries
Aabhas Yadav,1,Music & Musicals
Aachal Munjal,1,Dramas
Aadarsh Balakrishna,2,International Movies